{"cameraMode":{"drawMode":0,"name":"Shaded","section":"Shading Mode"},"sceneLighting":false,"audioPlay":false,"sceneViewState":{"m_AlwaysRefresh":false,"showFog":true,"showSkybox":false,"showFlares":true,"showImageEffects":true,"showParticleSystems":true,"showVisualEffectGraphs":true,"m_FxEnabled":true},"in2DMode":false,"pivot":{"x":-0.20415981113910676,"y":0.10909374058246613,"z":-1.1364010572433472},"rotation":{"x":-0.22372940182685853,"y":0.5916652679443359,"z":-0.17547152936458589,"w":-0.7543819546699524},"size":0.18068495392799378,"orthographic":false}